{
  "Version": "2012-10-17",
  "Statement": [
    {
      "Effect": "Allow",
      "Action": [
        "ecs:CreateCluster",
        "ecs:DeregisterContainerInstance",
        "ecs:DiscoverPollEndpoint",
        "ecs:Poll",
        "ecs:RegisterContainerInstance",
        "ecs:StartTelemetrySession",
        "ecs:Submit*",
        "ecs:StartTask",
        "ecs:ListClusters",
        "ecs:DescribeClusters",
        "ecs:RegisterTaskDefinition",
        "ecs:RunTask",
        "ecs:StopTask",
        "ecr:GetAuthorizationToken",
        "ecr:BatchCheckLayerAvailability",
        "ecr:GetDownloadUrlForLayer",
        "ecr:BatchGetImage"
      ],
      "Resource": "*"
    }
  ]
}
